{
  "name": "@autopilotcx/admin",
  "version": "0.1.0",
  "private": true,
  "scripts": {
    "dev": "next dev -p 3002",
    "build": "next build",
    "start": "next start -p 3002",
    "lint": "next lint"
  },
  "dependencies": {
    "next": "14.1.0",
    "react": "^18.2.0",
    "react-dom": "^18.2.0",
    "typescript": "^5.0.0",
    "@types/node": "^20.0.0",
    "@types/react": "^18.2.0",
    "@types/react-dom": "^18.2.0",
    "tailwindcss": "^3.3.0",
    "autoprefixer": "^10.4.0",
    "postcss": "^8.4.0",
    "lucide-react": "^0.294.0",
    "class-variance-authority": "^0.7.0",
    "clsx": "^2.0.0",
    "tailwind-merge": "^2.0.0",
    "@radix-ui/react-slot": "^1.0.2",
    "@radix-ui/react-tabs": "^1.0.4",
    "@radix-ui/react-select": "^2.0.0",
    "@radix-ui/react-dialog": "^1.0.5",
    "@radix-ui/react-dropdown-menu": "^2.0.6",
    "@radix-ui/react-separator": "^1.0.3",
    "@radix-ui/react-scroll-area": "^1.0.5",
    "@radix-ui/react-tooltip": "^1.0.7",
    "@radix-ui/react-switch": "^1.0.3",
    "@radix-ui/react-progress": "^1.0.3",
    "@radix-ui/react-avatar": "^1.0.4",
    "mongodb": "^6.3.0",
    "bcryptjs": "^2.4.3",
    "jsonwebtoken": "^9.0.2",
    "zod": "^3.22.0",
    "resend": "^4.5.1",
    "axios": "^1.6.0",
    "react-hook-form": "^7.47.0",
    "sonner": "^2.0.3"
  },
  "devDependencies": {
    "eslint": "^8.0.0",
    "eslint-config-next": "^14.0.0",
    "@types/bcryptjs": "^2.4.6",
    "@types/jsonwebtoken": "^9.0.5"
  }
}
