{
  "name": "Dr. Hassan Chat Webhook",
  "active": true,
  "nodes": [
    {
      "parameters": {
        "httpMethod": "POST",
        "path": "dr-hassan-chat",
        "options": {}
      },
      "id": "webhook-node",
      "name": "Webhook",
      "type": "n8n-nodes-base.webhook",
      "typeVersion": 2,
      "position": [240, 300],
      "webhookId": "dr-hassan-chat-webhook"
    },
    {
      "parameters": {
        "conditions": {
          "options": {
            "caseSensitive": true,
            "leftValue": "",
            "typeValidation": "strict"
          },
          "conditions": [
            {
              "id": "new-patient",
              "leftValue": "={{ $json.message.toLowerCase() }}",
              "rightValue": "new patient",
              "operator": {
                "type": "string",
                "operation": "contains"
              }
            },
            {
              "id": "existing-patient",
              "leftValue": "={{ $json.message.toLowerCase() }}",
              "rightValue": "existing patient",
              "operator": {
                "type": "string",
                "operation": "contains"
              }
            },
            {
              "id": "spine-surgery",
              "leftValue": "={{ $json.message.toLowerCase() }}",
              "rightValue": "spine surgery",
              "operator": {
                "type": "string",
                "operation": "contains"
              }
            },
            {
              "id": "non-surgical-spine",
              "leftValue": "={{ $json.message.toLowerCase() }}",
              "rightValue": "non-surgical spine",
              "operator": {
                "type": "string",
                "operation": "contains"
              }
            },
            {
              "id": "podiatry",
              "leftValue": "={{ $json.message.toLowerCase() }}",
              "rightValue": "podiatry",
              "operator": {
                "type": "string",
                "operation": "contains"
              }
            },
            {
              "id": "general-orthopedics",
              "leftValue": "={{ $json.message.toLowerCase() }}",
              "rightValue": "general orthopedics",
              "operator": {
                "type": "string",
                "operation": "contains"
              }
            },
            {
              "id": "old-bridge",
              "leftValue": "={{ $json.message.toLowerCase() }}",
              "rightValue": "old bridge",
              "operator": {
                "type": "string",
                "operation": "contains"
              }
            },
            {
              "id": "jersey-city",
              "leftValue": "={{ $json.message.toLowerCase() }}",
              "rightValue": "jersey city",
              "operator": {
                "type": "string",
                "operation": "contains"
              }
            },
            {
              "id": "south-plainfield",
              "leftValue": "={{ $json.message.toLowerCase() }}",
              "rightValue": "south plainfield",
              "operator": {
                "type": "string",
                "operation": "contains"
              }
            }
          ],
          "combinator": "or"
        }
      },
      "id": "conversation-router",
      "name": "Conversation Router",
      "type": "n8n-nodes-base.switch",
      "typeVersion": 1,
      "position": [700, 300]
    },
    {
      "parameters": {
        "respondWith": "json",
        "responseBody": "={\n  \"message\": \"Hi there! I'm Olivia, and I'm here to help you get the care you need at Hassan Spine & Sports Medicine. I'll make this appointment process as smooth and gentle as possible for you.\",\n  \"suggestedActions\": [\n    {\n      \"text\": \"New Patient\",\n      \"action\": \"new_patient\",\n      \"style\": \"primary\"\n    },\n    {\n      \"text\": \"Existing Patient\",\n      \"action\": \"existing_patient\",\n      \"style\": \"primary\"\n    }\n  ],\n  \"intent\": \"booking\",\n  \"agent\": \"Booking\",\n  \"timestamp\": \"{{ $now }}\"\n}"
      },
      "id": "booking-response",
      "name": "Booking Response",
      "type": "n8n-nodes-base.respondToWebhook",
      "typeVersion": 1,
      "position": [680, 200]
    },
    {
      "parameters": {
        "respondWith": "json",
        "responseBody": "={\n  \"message\": \"I'd be happy to help you with insurance verification!\\n\\nWe work with most major insurance providers including:\\n• Aetna\\n• Blue Cross Blue Shield\\n• Cigna\\n• UnitedHealthcare\\n• Horizon Blue Cross Blue Shield\\n• AmeriHealth\\n• Oxford\\n• Empire BlueCross\\n\\nImportant Note: We are not currently accepting Medicare or Medicaid patients.\\n\\nTo verify your coverage, I'll need:\\n• Your insurance provider\\n• Policy holder name\\n• Date of birth\\n• Insurance ID number\\n\\nWould you like to proceed with insurance verification?\",\n  \"suggestedActions\": [\n    {\n      \"text\": \"Yes, verify my coverage\",\n      \"action\": \"verify_insurance\",\n      \"style\": \"primary\"\n    },\n    {\n      \"text\": \"Upload my insurance card\",\n      \"action\": \"upload_card\",\n      \"style\": \"secondary\"\n    },\n    {\n      \"text\": \"I have Medicare/Medicaid\",\n      \"action\": \"medicare_medicaid\",\n      \"style\": \"secondary\"\n    },\n    {\n      \"text\": \"Call staff for help\",\n      \"action\": \"call_staff\",\n      \"style\": \"secondary\"\n    }\n  ],\n  \"intent\": \"insurance\",\n  \"agent\": \"Medley\",\n  \"timestamp\": \"{{ $now }}\"\n}"
      },
      "id": "insurance-response",
      "name": "Insurance Response",
      "type": "n8n-nodes-base.respondToWebhook",
      "typeVersion": 1,
      "position": [680, 400]
    },
    {
      "parameters": {
        "respondWith": "json",
        "responseBody": "={\n  \"message\": \"Welcome to Hassan Spine & Sports Medicine! I'm Olivia, your virtual assistant.\\n\\nI'm here to help you with:\\n• Booking appointments\\n• Insurance verification\\n• Location and hours information\\n• General questions about our services\\n\\nHow can I assist you today?\",\n  \"suggestedActions\": [\n    {\n      \"text\": \"Book an appointment\",\n      \"action\": \"booking\",\n      \"style\": \"primary\"\n    },\n    {\n      \"text\": \"Check insurance coverage\",\n      \"action\": \"insurance\",\n      \"style\": \"secondary\"\n    },\n    {\n      \"text\": \"See locations & hours\",\n      \"action\": \"location\",\n      \"style\": \"secondary\"\n    },\n    {\n      \"text\": \"Learn about procedures\",\n      \"action\": \"procedures\",\n      \"style\": \"secondary\"\n    },\n    {\n      \"text\": \"Contact information\",\n      \"action\": \"contact\",\n      \"style\": \"secondary\"\n    }\n  ],\n  \"intent\": \"general\",\n  \"agent\": \"Harmony\",\n  \"timestamp\": \"{{ $now }}\"\n}"
      },
      "id": "general-response",
      "name": "General Response",
      "type": "n8n-nodes-base.respondToWebhook",
      "typeVersion": 1,
      "position": [680, 600]
    },
    {
      "parameters": {
        "respondWith": "json",
        "responseBody": "={\n  \"message\": \"Welcome! I'm so glad you've chosen Dr. Hassan for your care. Let me help you get started.\\n\\nWhat type of appointment are you looking for?\",\n  \"suggestedActions\": [\n    {\n      \"text\": \"Spine Surgery\",\n      \"action\": \"spine_surgery\",\n      \"style\": \"primary\"\n    },\n    {\n      \"text\": \"Non-Surgical Spine Treatment\",\n      \"action\": \"non_surgical_spine\",\n      \"style\": \"primary\"\n    },\n    {\n      \"text\": \"Podiatry\",\n      \"action\": \"podiatry\",\n      \"style\": \"primary\"\n    },\n    {\n      \"text\": \"General Orthopedics\",\n      \"action\": \"general_orthopedics\",\n      \"style\": \"primary\"\n    }\n  ],\n  \"intent\": \"new_patient\",\n  \"agent\": \"Booking\",\n  \"timestamp\": \"{{ $now }}\"\n}"
      },
      "id": "new-patient-response",
      "name": "New Patient Response",
      "type": "n8n-nodes-base.respondToWebhook",
      "typeVersion": 1,
      "position": [900, 200]
    },
    {
      "parameters": {
        "respondWith": "json",
        "responseBody": "={\n  \"message\": \"Great! I have your records here. What type of appointment do you need today?\",\n  \"suggestedActions\": [\n    {\n      \"text\": \"Follow-up Visit\",\n      \"action\": \"follow_up\",\n      \"style\": \"primary\"\n    },\n    {\n      \"text\": \"New Problem\",\n      \"action\": \"new_problem\",\n      \"style\": \"primary\"\n    },\n    {\n      \"text\": \"Procedure\",\n      \"action\": \"procedure\",\n      \"style\": \"primary\"\n    },\n    {\n      \"text\": \"Reschedule\",\n      \"action\": \"reschedule\",\n      \"style\": \"secondary\"\n    }\n  ],\n  \"intent\": \"existing_patient\",\n  \"agent\": \"Booking\",\n  \"timestamp\": \"{{ $now }}\"\n}"
      },
      "id": "existing-patient-response",
      "name": "Existing Patient Response",
      "type": "n8n-nodes-base.respondToWebhook",
      "typeVersion": 1,
      "position": [900, 400]
    },
    {
      "parameters": {
        "respondWith": "json",
        "responseBody": "={\n  \"message\": \"Perfect! Which location would be most convenient for you?\",\n  \"suggestedActions\": [\n    {\n      \"text\": \"Old Bridge (Main Office)\",\n      \"action\": \"old_bridge\",\n      \"style\": \"primary\"\n    },\n    {\n      \"text\": \"Jersey City\",\n      \"action\": \"jersey_city\",\n      \"style\": \"primary\"\n    },\n    {\n      \"text\": \"South Plainfield\",\n      \"action\": \"south_plainfield\",\n      \"style\": \"primary\"\n    }\n  ],\n  \"intent\": \"location_selection\",\n  \"agent\": \"Booking\",\n  \"timestamp\": \"{{ $now }}\"\n}"
      },
      "id": "location-selection-response",
      "name": "Location Selection Response",
      "type": "n8n-nodes-base.respondToWebhook",
      "typeVersion": 1,
      "position": [1100, 300]
    },
    {
      "parameters": {
        "respondWith": "json",
        "responseBody": "={\n  \"message\": \"Great! What's your preferred day of the week?\",\n  \"suggestedActions\": [\n    {\n      \"text\": \"Monday\",\n      \"action\": \"monday\",\n      \"style\": \"primary\"\n    },\n    {\n      \"text\": \"Tuesday\",\n      \"action\": \"tuesday\",\n      \"style\": \"primary\"\n    },\n    {\n      \"text\": \"Wednesday\",\n      \"action\": \"wednesday\",\n      \"style\": \"primary\"\n    },\n    {\n      \"text\": \"Thursday\",\n      \"action\": \"thursday\",\n      \"style\": \"primary\"\n    },\n    {\n      \"text\": \"Friday\",\n      \"action\": \"friday\",\n      \"style\": \"primary\"\n    }\n  ],\n  \"intent\": \"day_selection\",\n  \"agent\": \"Booking\",\n  \"timestamp\": \"{{ $now }}\"\n}"
      },
      "id": "day-selection-response",
      "name": "Day Selection Response",
      "type": "n8n-nodes-base.respondToWebhook",
      "typeVersion": 1,
      "position": [1300, 300]
    },
    {
      "parameters": {
        "respondWith": "json",
        "responseBody": "={\n  \"message\": \"Perfect! And what time of day works best for you?\",\n  \"suggestedActions\": [\n    {\n      \"text\": \"Morning (8 AM - 12 PM)\",\n      \"action\": \"morning\",\n      \"style\": \"primary\"\n    },\n    {\n      \"text\": \"Afternoon (12 PM - 4 PM)\",\n      \"action\": \"afternoon\",\n      \"style\": \"primary\"\n    },\n    {\n      \"text\": \"Late Afternoon (4 PM - 6 PM)\",\n      \"action\": \"late_afternoon\",\n      \"style\": \"primary\"\n    }\n  ],\n  \"intent\": \"time_selection\",\n  \"agent\": \"Booking\",\n  \"timestamp\": \"{{ $now }}\"\n}"
      },
      "id": "time-selection-response",
      "name": "Time Selection Response",
      "type": "n8n-nodes-base.respondToWebhook",
      "typeVersion": 1,
      "position": [1500, 300]
    },
    {
      "parameters": {
        "respondWith": "json",
        "responseBody": "={\n  \"message\": \"Excellent! I have a few more questions to help us prepare for your visit.\\n\\nWhat's your first name?\",\n  \"suggestedActions\": [\n    {\n      \"text\": \"Type my name\",\n      \"action\": \"type_name\",\n      \"style\": \"secondary\"\n    }\n  ],\n  \"intent\": \"name_collection\",\n  \"agent\": \"Booking\",\n  \"timestamp\": \"{{ $now }}\"\n}"
      },
      "id": "name-collection-response",
      "name": "Name Collection Response",
      "type": "n8n-nodes-base.respondToWebhook",
      "typeVersion": 1,
      "position": [1700, 300]
    },
    {
      "parameters": {
        "respondWith": "json",
        "responseBody": "={\n  \"message\": \"Thank you! And what's your phone number?\",\n  \"suggestedActions\": [\n    {\n      \"text\": \"Type my phone number\",\n      \"action\": \"type_phone\",\n      \"style\": \"secondary\"\n    }\n  ],\n  \"intent\": \"phone_collection\",\n  \"agent\": \"Booking\",\n  \"timestamp\": \"{{ $now }}\"\n}"
      },
      "id": "phone-collection-response",
      "name": "Phone Collection Response",
      "type": "n8n-nodes-base.respondToWebhook",
      "typeVersion": 1,
      "position": [1900, 300]
    },
    {
      "parameters": {
        "respondWith": "json",
        "responseBody": "={\n  \"message\": \"Perfect! I have all the information I need. Let me check our availability and get you scheduled.\\n\\nWould you like me to verify your insurance coverage while I'm looking for available appointments?\",\n  \"suggestedActions\": [\n    {\n      \"text\": \"Yes, check my insurance\",\n      \"action\": \"check_insurance\",\n      \"style\": \"primary\"\n    },\n    {\n      \"text\": \"No, just book the appointment\",\n      \"action\": \"book_only\",\n      \"style\": \"secondary\"\n    }\n  ],\n  \"intent\": \"insurance_check\",\n  \"agent\": \"Booking\",\n  \"timestamp\": \"{{ $now }}\"\n}"
      },
      "id": "insurance-check-response",
      "name": "Insurance Check Response",
      "type": "n8n-nodes-base.respondToWebhook",
      "typeVersion": 1,
      "position": [2100, 300]
    },
    {
      "parameters": {
        "respondWith": "json",
        "responseBody": "={\n  \"message\": \"Wonderful! I've found some available appointments that match your preferences.\\n\\nI have:\\n• Tuesday, 2:30 PM at Old Bridge\\n• Thursday, 10:00 AM at Jersey City\\n• Friday, 3:15 PM at South Plainfield\\n\\nWhich one works best for you?\",\n  \"suggestedActions\": [\n    {\n      \"text\": \"Tuesday, 2:30 PM - Old Bridge\",\n      \"action\": \"tuesday_old_bridge\",\n      \"style\": \"primary\"\n    },\n    {\n      \"text\": \"Thursday, 10:00 AM - Jersey City\",\n      \"action\": \"thursday_jersey_city\",\n      \"style\": \"primary\"\n    },\n    {\n      \"text\": \"Friday, 3:15 PM - South Plainfield\",\n      \"action\": \"friday_south_plainfield\",\n      \"style\": \"primary\"\n    },\n    {\n      \"text\": \"Show me more options\",\n      \"action\": \"more_options\",\n      \"style\": \"secondary\"\n    }\n  ],\n  \"intent\": \"appointment_selection\",\n  \"agent\": \"Booking\",\n  \"timestamp\": \"{{ $now }}\"\n}"
      },
      "id": "appointment-selection-response",
      "name": "Appointment Selection Response",
      "type": "n8n-nodes-base.respondToWebhook",
      "typeVersion": 1,
      "position": [2300, 300]
    },
    {
      "parameters": {
        "respondWith": "json",
        "responseBody": "={\n  \"message\": \"Perfect! I've confirmed your appointment. You'll receive a confirmation email and text message shortly.\\n\\nIs there anything else I can help you with today?\",\n  \"suggestedActions\": [\n    {\n      \"text\": \"Directions to the office\",\n      \"action\": \"directions\",\n      \"style\": \"secondary\"\n    },\n    {\n      \"text\": \"What to bring\",\n      \"action\": \"what_to_bring\",\n      \"style\": \"secondary\"\n    },\n    {\n      \"text\": \"Insurance questions\",\n      \"action\": \"insurance_questions\",\n      \"style\": \"secondary\"\n    },\n    {\n      \"text\": \"No, that's all\",\n      \"action\": \"complete\",\n      \"style\": \"primary\"\n    }\n  ],\n  \"intent\": \"confirmation\",\n  \"agent\": \"Booking\",\n  \"timestamp\": \"{{ $now }}\"\n}"
      },
      "id": "confirmation-response",
      "name": "Confirmation Response",
      "type": "n8n-nodes-base.respondToWebhook",
      "typeVersion": 1,
      "position": [2500, 300]
    }
  ],
  "connections": {
    "Webhook": {
      "main": [
        [
          {
            "node": "Booking Response",
            "type": "main",
            "index": 0
          }
        ]
      ]
    },
    "Booking Response": {
      "main": [
        [
          {
            "node": "Conversation Router",
            "type": "main",
            "index": 0
          }
        ]
      ]
    },
    "Conversation Router": {
      "main": [
        [
          {
            "node": "New Patient Response",
            "type": "main",
            "index": 0
          }
        ],
        [
          {
            "node": "Existing Patient Response",
            "type": "main",
            "index": 0
          }
        ],
        [
          {
            "node": "Location Selection Response",
            "type": "main",
            "index": 0
          }
        ],
        [
          {
            "node": "Location Selection Response",
            "type": "main",
            "index": 0
          }
        ],
        [
          {
            "node": "Location Selection Response",
            "type": "main",
            "index": 0
          }
        ],
        [
          {
            "node": "Location Selection Response",
            "type": "main",
            "index": 0
          }
        ],
        [
          {
            "node": "Day Selection Response",
            "type": "main",
            "index": 0
          }
        ],
        [
          {
            "node": "Day Selection Response",
            "type": "main",
            "index": 0
          }
        ],
        [
          {
            "node": "Day Selection Response",
            "type": "main",
            "index": 0
          }
        ]
      ]
    },
    "New Patient Response": {
      "main": [
        [
          {
            "node": "Conversation Router",
            "type": "main",
            "index": 0
          }
        ]
      ]
    },
    "Existing Patient Response": {
      "main": [
        [
          {
            "node": "Conversation Router",
            "type": "main",
            "index": 0
          }
        ]
      ]
    },
    "Location Selection Response": {
      "main": [
        [
          {
            "node": "Conversation Router",
            "type": "main",
            "index": 0
          }
        ]
      ]
    },
    "Day Selection Response": {
      "main": [
        [
          {
            "node": "Conversation Router",
            "type": "main",
            "index": 0
          }
        ]
      ]
    },
    "Time Selection Response": {
      "main": [
        [
          {
            "node": "Conversation Router",
            "type": "main",
            "index": 0
          }
        ]
      ]
    },
    "Name Collection Response": {
      "main": [
        [
          {
            "node": "Conversation Router",
            "type": "main",
            "index": 0
          }
        ]
      ]
    },
    "Phone Collection Response": {
      "main": [
        [
          {
            "node": "Conversation Router",
            "type": "main",
            "index": 0
          }
        ]
      ]
    },
    "Insurance Check Response": {
      "main": [
        [
          {
            "node": "Conversation Router",
            "type": "main",
            "index": 0
          }
        ]
      ]
    },
    "Appointment Selection Response": {
      "main": [
        [
          {
            "node": "Conversation Router",
            "type": "main",
            "index": 0
          }
        ]
      ]
    },
    "Confirmation Response": {
      "main": [
        [
          {
            "node": "Conversation Router",
            "type": "main",
            "index": 0
          }
        ]
      ]
    }
  },
  "pinData": {},
  "settings": {
    "executionOrder": "v1"
  },
  "staticData": null,
  "meta": {
    "templateCredsSetupCompleted": true
  },
  "versionId": "1"
} 