{
  "name": "Medical Industry Full Service Workflow",
  "nodes": [
    {
      "parameters": {
        "path": "lead-intake",
        "responseMode": "responseNode",
        "options": {}
      },
      "name": "Lead Intake Webhook",
      "type": "n8n-nodes-base.webhook",
      "typeVersion": 1,
      "position": [250, 300]
    },
    {
      "parameters": {
        "operation": "scoreLead",
        "leadData": "={{ $json.body }}",
        "scoringCriteria": {
          "source": "weighted",
          "engagement": "weighted",
          "urgency": "weighted"
        }
      },
      "name": "Lead Scoring Agent",
      "type": "autopilotcx-nodes.leadScoringAgent",
      "typeVersion": 1,
      "position": [450, 300]
    },
    {
      "parameters": {
        "operation": "coordinateJourney",
        "clientId": "={{ $json.body.clientId }}",
        "journeyType": "medical_practice_onboarding",
        "specialization": "={{ $json.body.specialization }}"
      },
      "name": "Maestro Agent",
      "type": "autopilotcx-nodes.maestroAgent",
      "typeVersion": 1,
      "position": [650, 300]
    },
    {
      "parameters": {
        "operation": "generateContent",
        "contentType": "practice_welcome",
        "clientData": "={{ $json.body }}",
        "tone": "professional",
        "specialization": "={{ $json.body.specialization }}"
      },
      "name": "Composer Agent",
      "type": "autopilotcx-nodes.composerAgent",
      "typeVersion": 1,
      "position": [850, 300]
    },
    {
      "parameters": {
        "operation": "scheduleAppointment",
        "clientId": "={{ $json.body.clientId }}",
        "appointmentDate": "={{ $json.body.preferredDate }}",
        "appointmentType": "consultation",
        "duration": 60,
        "location": "={{ $json.body.preferredLocation }}"
      },
      "name": "Appointment Scheduler",
      "type": "autopilotcx-nodes.appointmentScheduler",
      "typeVersion": 1,
      "position": [1050, 300]
    },
    {
      "parameters": {
        "operation": "sendReminder",
        "clientId": "={{ $json.body.clientId }}",
        "reminderType": "appointment",
        "channel": "multi",
        "timing": {
          "initial": 48,
          "followup": 24,
          "final": 2
        }
      },
      "name": "Reminder Agent",
      "type": "autopilotcx-nodes.reminderAgent",
      "typeVersion": 1,
      "position": [1250, 300]
    },
    {
      "parameters": {
        "operation": "manageInventory",
        "practiceId": "={{ $json.body.practiceId }}",
        "inventoryType": "supplies",
        "threshold": 20
      },
      "name": "Inventory Agent",
      "type": "autopilotcx-nodes.inventoryAgent",
      "typeVersion": 1,
      "position": [1450, 300]
    },
    {
      "parameters": {
        "operation": "trackMetrics",
        "practiceId": "={{ $json.body.practiceId }}",
        "metrics": [
          "appointments",
          "conversions",
          "satisfaction",
          "inventory"
        ]
      },
      "name": "Analytics Agent",
      "type": "autopilotcx-nodes.analyticsAgent",
      "typeVersion": 1,
      "position": [1650, 300]
    },
    {
      "parameters": {
        "operation": "collectFeedback",
        "clientId": "={{ $json.body.clientId }}",
        "feedbackType": "practice_experience",
        "channels": ["email", "sms", "web"]
      },
      "name": "Feedback Agent",
      "type": "autopilotcx-nodes.feedbackAgent",
      "typeVersion": 1,
      "position": [1850, 300]
    }
  ],
  "connections": {
    "Lead Intake Webhook": {
      "main": [[{"node": "Lead Scoring Agent", "type": "main", "index": 0}]]
    },
    "Lead Scoring Agent": {
      "main": [[{"node": "Maestro Agent", "type": "main", "index": 0}]]
    },
    "Maestro Agent": {
      "main": [[{"node": "Composer Agent", "type": "main", "index": 0}]]
    },
    "Composer Agent": {
      "main": [[{"node": "Appointment Scheduler", "type": "main", "index": 0}]]
    },
    "Appointment Scheduler": {
      "main": [[{"node": "Reminder Agent", "type": "main", "index": 0}]]
    },
    "Reminder Agent": {
      "main": [[{"node": "Inventory Agent", "type": "main", "index": 0}]]
    },
    "Inventory Agent": {
      "main": [[{"node": "Analytics Agent", "type": "main", "index": 0}]]
    },
    "Analytics Agent": {
      "main": [[{"node": "Feedback Agent", "type": "main", "index": 0}]]
    }
  },
  "settings": {
    "executionOrder": "v1"
  }
} 