{
  "name": "Medical Industry Demo Workflow",
  "nodes": [
    {
      "parameters": {
        "path": "demo-intake",
        "responseMode": "responseNode",
        "options": {}
      },
      "name": "Demo Intake Webhook",
      "type": "n8n-nodes-base.webhook",
      "typeVersion": 1,
      "position": [250, 300]
    },
    {
      "parameters": {
        "operation": "extractData",
        "url": "={{ $json.body.website }}",
        "extractionType": "logo",
        "options": {
          "depth": 2,
          "maxPages": 100,
          "respectRobots": true
        }
      },
      "name": "Site Enricher",
      "type": "autopilotcx-nodes.siteEnricher",
      "typeVersion": 1,
      "position": [450, 300]
    },
    {
      "parameters": {
        "operation": "analyzePractice",
        "clientData": "={{ $json.body }}",
        "extractedData": "={{ $json.extractedData }}",
        "specialization": "pain_management",
        "analysisDepth": "comprehensive"
      },
      "name": "Virtuoso Agent",
      "type": "autopilotcx-nodes.virtuosoAgent",
      "typeVersion": 1,
      "position": [650, 300]
    },
    {
      "parameters": {
        "operation": "coordinateJourney",
        "clientId": "={{ $json.body.clientId }}",
        "journeyType": "medical_demo_onboarding",
        "extractedData": "={{ $json.extractedData }}",
        "virtuosoInsights": "={{ $json.virtuosoAnalysis }}",
        "specialization": "pain_management"
      },
      "name": "Maestro Agent",
      "type": "autopilotcx-nodes.maestroAgent",
      "typeVersion": 1,
      "position": [850, 300]
    },
    {
      "parameters": {
        "operation": "generateContent",
        "contentType": "welcome",
        "clientData": "={{ $json.body }}",
        "extractedData": "={{ $json.extractedData }}",
        "virtuosoInsights": "={{ $json.virtuosoAnalysis }}",
        "tone": "professional",
        "specialization": "pain_management",
        "contentStrategy": {
          "personalizationLevel": "high",
          "includePracticeInsights": true,
          "includeSpecializationContext": true
        }
      },
      "name": "Composer Agent",
      "type": "autopilotcx-nodes.composerAgent",
      "typeVersion": 1,
      "position": [1050, 300]
    },
    {
      "parameters": {
        "operation": "scheduleAppointment",
        "clientId": "={{ $json.body.clientId }}",
        "appointmentDate": "={{ $json.body.preferredDate }}",
        "appointmentType": "demo",
        "duration": 30,
        "specialization": "pain_management",
        "virtuosoInsights": "={{ $json.virtuosoAnalysis }}",
        "schedulingStrategy": {
          "preferredTimeSlots": "business_hours",
          "bufferTime": 15,
          "includePreparationTime": true
        }
      },
      "name": "Appointment Scheduler",
      "type": "autopilotcx-nodes.appointmentScheduler",
      "typeVersion": 1,
      "position": [1250, 300]
    },
    {
      "parameters": {
        "operation": "sendReminder",
        "clientId": "={{ $json.body.clientId }}",
        "reminderType": "appointment",
        "channel": "email",
        "extractedData": "={{ $json.extractedData }}",
        "virtuosoInsights": "={{ $json.virtuosoAnalysis }}",
        "specialization": "pain_management",
        "reminderStrategy": {
          "frequency": "24h_before",
          "includePracticeContext": true,
          "personalizationLevel": "high"
        }
      },
      "name": "Reminder Agent",
      "type": "autopilotcx-nodes.reminderAgent",
      "typeVersion": 1,
      "position": [1450, 300]
    },
    {
      "parameters": {
        "operation": "collectFeedback",
        "clientId": "={{ $json.body.clientId }}",
        "feedbackType": "demo_experience",
        "extractedData": "={{ $json.extractedData }}",
        "virtuosoInsights": "={{ $json.virtuosoAnalysis }}",
        "specialization": "pain_management",
        "feedbackStrategy": {
          "timing": "post_demo",
          "channels": ["email", "sms"],
          "questions": "specialized",
          "includePracticeContext": true
        }
      },
      "name": "Feedback Agent",
      "type": "autopilotcx-nodes.feedbackAgent",
      "typeVersion": 1,
      "position": [1650, 300]
    }
  ],
  "connections": {
    "Demo Intake Webhook": {
      "main": [[{"node": "Site Enricher", "type": "main", "index": 0}]]
    },
    "Site Enricher": {
      "main": [[{"node": "Virtuoso Agent", "type": "main", "index": 0}]]
    },
    "Virtuoso Agent": {
      "main": [[{"node": "Maestro Agent", "type": "main", "index": 0}]]
    },
    "Maestro Agent": {
      "main": [[{"node": "Composer Agent", "type": "main", "index": 0}]]
    },
    "Composer Agent": {
      "main": [[{"node": "Appointment Scheduler", "type": "main", "index": 0}]]
    },
    "Appointment Scheduler": {
      "main": [[{"node": "Reminder Agent", "type": "main", "index": 0}]]
    },
    "Reminder Agent": {
      "main": [[{"node": "Feedback Agent", "type": "main", "index": 0}]]
    }
  },
  "settings": {
    "executionOrder": "v1"
  }
} 